slug,title,kind,skills,verified,url,provenance,provider
cert-billing-recovery,Billing Recovery Practitioner Assessment,certification,Legacy Billing Recovery,true,,Fictional demo dataset,Finance Operations Academy (internal)
cert-cloud-foundations,Cloud Foundations Certificate,certification,Cloud Architecture;DevOps,true,,Fictional demo dataset,Platform Guild (internal)
cert-security-analyst,Security Analyst Credential,certification,Cybersecurity,true,,Fictional demo dataset,Security Office (internal)
cert-ai-governance,Responsible AI Oversight Certificate,certification,AI Governance,true,,Fictional demo dataset,
cert-payments-compliance,Payments Compliance Practitioner Assessment,certification,Payments Compliance,true,,Fictional demo dataset,
train-billing-internal,Billing Platform Internals Walkthrough,training,Legacy Billing Recovery,true,,Fictional demo dataset,Finance Operations Academy (internal)
train-data-analysis,Applied Data Analysis Workshop,training,Data Analysis;Machine Learning,true,,Fictional demo dataset,Data & AI Chapter (internal)
train-secure-coding,Secure Coding Clinic,training,Cybersecurity;Test Automation,true,,Fictional demo dataset,Security Office (internal)
train-kubernetes-operations,Kubernetes Operations Bootcamp,training,Kubernetes;DevOps,true,,Fictional demo dataset,Platform Guild (internal)
train-accessible-interfaces,Accessible Interface Design Lab,training,Accessibility;React;UX Research,true,,Fictional demo dataset,Design Studio (internal)
train-ml-foundations,Machine Learning Foundations Course,training,Machine Learning;Python,true,,Fictional demo dataset,Data & AI Chapter (internal)
doc-incident-runbooks,Incident Response Runbook Library,documentation,Incident Response,true,,Fictional demo dataset,Site Reliability team (internal)
proj-billing-shadow,Supervised Billing Remediation Project,project_experience,Legacy Billing Recovery,true,,Fictional demo dataset,Finance Operations Academy (internal)
proj-api-design-guild,API Design Guild Project,project_experience,API Design;Node.js;TypeScript,true,,Fictional demo dataset,API Design Guild (internal)
rot-platform-team,Platform Team Rotation,job_rotation,Cloud Architecture;DevOps;Test Automation,true,,Fictional demo dataset,Platform Guild (internal)
rot-data-platform,Data Platform Rotation,job_rotation,SQL & Data Modeling;Python;Data Analysis,true,,Fictional demo dataset,Data & AI Chapter (internal)
course-go-services,Building Services in Go,training,Go;API Design,true,,Fictional enterprise dataset (generated),Engineering Guild (internal)
course-rust-foundations,Rust Foundations,training,Rust,false,,Fictional enterprise dataset (generated),
cert-aws-architect,Cloud Architect Certification (AWS track),certification,AWS;Cloud Architecture,true,,Fictional enterprise dataset (generated),Platform Guild (internal)
cert-azure-admin,Azure Administrator Certificate,certification,Azure,true,,Fictional enterprise dataset (generated),Platform Guild (internal)
course-terraform-iac,Infrastructure as Code with Terraform,training,Terraform;DevOps,true,,Fictional enterprise dataset (generated),Platform Guild (internal)
course-observability,Observability Practices Workshop,training,Observability;Incident Response,true,,Fictional enterprise dataset (generated),Site Reliability Chapter (internal)
rotation-sre-shadow,SRE On-call Shadowing Rotation,job_rotation,Incident Response;Observability;Kubernetes,true,,Fictional enterprise dataset (generated),Site Reliability Chapter (internal)
course-data-engineering,Data Engineering Fundamentals,training,Data Engineering;Apache Spark;SQL & Data Modeling,true,,Fictional enterprise dataset (generated),Data Guild (internal)
course-dbt-analytics,Analytics Engineering with dbt,training,Analytics Engineering (dbt);SQL & Data Modeling,true,,Fictional enterprise dataset (generated),Data Guild (internal)
course-mlops,MLOps: From Notebook to Production,training,MLOps;Machine Learning,true,,Fictional enterprise dataset (generated),Data Guild (internal)
course-experimentation,Experimentation and Causal Inference,training,Experimentation & A/B Testing;Statistics,false,,Fictional enterprise dataset (generated),
course-prompting,Prompt Engineering for Product Teams,training,Prompt Engineering,false,,Fictional enterprise dataset (generated),
cert-iam-practitioner,Identity and Access Management Practitioner,certification,Identity & Access Management,true,,Fictional enterprise dataset (generated),Security Office (internal)
course-threat-modelling,Threat Modelling Workshop,training,Threat Modelling;Penetration Testing,true,,Fictional enterprise dataset (generated),Security Office (internal)
cert-privacy-gdpr,Data Privacy Practitioner (GDPR),certification,Data Privacy (GDPR),true,,Fictional enterprise dataset (generated),Compliance Office (internal)
course-vendor-risk,Vendor Risk Management Essentials,training,Vendor Risk Management;Procurement,true,,Fictional enterprise dataset (generated),Compliance Office (internal)
course-financial-modelling,Financial Modelling Bootcamp,training,Financial Modelling,true,,Fictional enterprise dataset (generated),Finance Academy (internal)
cert-revenue-recognition,Revenue Recognition Certificate,certification,Revenue Recognition,true,,Fictional enterprise dataset (generated),Finance Academy (internal)
doc-payroll-runbook,Payroll Close Runbook,documentation,Payroll Administration;ERP Administration,true,,Fictional enterprise dataset (generated),Finance Academy (internal)
mentoring-account-management,Account Management Mentoring Circle,mentoring,Account Management;Customer Onboarding,true,,Fictional enterprise dataset (generated),Customer Success Chapter (internal)
course-solution-selling,Solution Selling Programme,training,Solution Selling;Contract Negotiation,true,,Fictional enterprise dataset (generated),Sales Enablement (internal)
cert-salesforce-admin,Salesforce Administrator Certificate,certification,Salesforce Administration,true,,Fictional enterprise dataset (generated),Sales Enablement (internal)
course-design-systems,Design Systems in Practice,training,Design Systems;Figma,true,,Fictional enterprise dataset (generated),Design Chapter (internal)
course-content-seo,Content and SEO Fundamentals,training,Content Marketing;SEO & Web Analytics,false,,Fictional enterprise dataset (generated),
mentoring-coaching,Coaching Skills for Managers,mentoring,Coaching & Mentoring;Leadership,true,,Fictional enterprise dataset (generated),People Team (internal)
course-change-management,Leading Change,training,Change Management;Stakeholder Management,true,,Fictional enterprise dataset (generated),People Team (internal)
course-public-speaking,Presenting with Confidence,training,Public Speaking;Communication,true,,Fictional enterprise dataset (generated),People Team (internal)
project-mobile-release,Mobile Release Train Project,project_experience,Swift & iOS;Kotlin & Android;Test Automation,true,,Fictional enterprise dataset (generated),Engineering Guild (internal)
